{
  "ids": {
    "Todo": 6,
    "TodoList": 4
  },
  "models": {
    "Todo": {
      "1": "{\"title\":\"Take over the galaxy\",\"desc\":\"MWAHAHAHAHAHAHAHAHAHAHAHAHAMWAHAHAHAHAHAHAHAHAHAHAHAHA\",\"id\":1}",
      "2": "{\"title\":\"destroy alderaan\",\"desc\":\"Make sure there are no survivors left!\",\"id\":2}",
      "3": "{\"title\":\"play space invaders\",\"desc\":\"Become the very best!\",\"id\":3}",
      "4": "{\"title\":\"crush rebel scum\",\"desc\":\"Every.Last.One.\",\"id\":4}",
      "5": "{\"title\":\"get eggs\",\"isComplete\":false,\"todoListId\":3,\"id\":5}"
    },
    "TodoList": {
      "1": "{\"title\":\"Sith lord's check list\",\"color\":\"blue\",\"id\":1}",
      "2": "{\"title\":\"My daily chores\",\"color\":\"red\",\"id\":2}",
      "3": "{\"title\":\"grocery list\",\"id\":3}"
    }
  }
}